-- phpMyAdmin SQL Dump
-- version 5.2.0
-- https://www.phpmyadmin.net/
--
-- Host: 127.0.0.1
-- Generation Time: Apr 19, 2023 at 02:09 PM
-- Server version: 10.4.27-MariaDB
-- PHP Version: 8.0.25

SET SQL_MODE = "NO_AUTO_VALUE_ON_ZERO";
START TRANSACTION;
SET time_zone = "+00:00";


/*!40101 SET @OLD_CHARACTER_SET_CLIENT=@@CHARACTER_SET_CLIENT */;
/*!40101 SET @OLD_CHARACTER_SET_RESULTS=@@CHARACTER_SET_RESULTS */;
/*!40101 SET @OLD_COLLATION_CONNECTION=@@COLLATION_CONNECTION */;
/*!40101 SET NAMES utf8mb4 */;

--
-- Database: `bmv_res`
--

-- --------------------------------------------------------

--
-- Table structure for table `cart`
--

CREATE TABLE `cart` (
  `user_id` int(11) NOT NULL,
  `item_id` int(11) NOT NULL,
  `item_name` varchar(256) NOT NULL,
  `Quantity` int(11) NOT NULL,
  `item_cost` int(11) NOT NULL
) ENGINE=MyISAM DEFAULT CHARSET=latin1 COLLATE=latin1_swedish_ci;

--
-- Dumping data for table `cart`
--

INSERT INTO `cart` (`user_id`, `item_id`, `item_name`, `Quantity`, `item_cost`) VALUES
(10, 9, 'Chicken Dum Biriyani+Chicken Fry', 6, 440),
(9, 1, 'Chicken Dum Biriyani', 2, 220),
(8, 1, 'Chicken Dum Biriyani', 4, 220),
(8, 1, 'Chicken Dum Biriyani', 1, 220),
(6, 4, 'Chicken Kebab Biriyani', 3, 250),
(11, 9, 'Chicken Dum Biriyani+Chicken Fry', 1, 440),
(1, 1, 'Chicken Dum Biriyani', 1, 220),
(1, 1, 'Chicken Dum Biriyani', 1, 220),
(20, 9, 'Chicken Dum Biriyani+Chicken Fry', -1, 440),
(20, 9, 'Chicken Dum Biriyani+Chicken Fry', 1, 440),
(20, 10, 'Special Chicken Biriyani+Chicken Lollipop', 1, 480),
(20, 1, 'Chicken Dum Biriyani', 1, 220),
(20, 1, 'Chicken Dum Biriyani', 1, 220),
(933, 1, 'Chicken Dum Biriyani', 1, 220),
(941, 1, 'Chicken Dum Biriyani', 1, 220),
(936, 5, 'Chicken Keema Biriyani', 1, 250);

-- --------------------------------------------------------

--
-- Table structure for table `comments`
--

CREATE TABLE `comments` (
  `sl` int(11) NOT NULL,
  `name` text NOT NULL,
  `comment` text NOT NULL,
  `comented_at` timestamp NOT NULL DEFAULT current_timestamp()
) ENGINE=InnoDB DEFAULT CHARSET=utf8mb4 COLLATE=utf8mb4_general_ci;

--
-- Dumping data for table `comments`
--

INSERT INTO `comments` (`sl`, `name`, `comment`, `comented_at`) VALUES
(2, 'bindhu varma', '        Lorem ipsum dolor sit amet, consectetur adipisicing elit. Eligendi corporis assumenda esse dignissimos quibusdam libero, fuga rem quis pariatur error quae neque expedita? Dolorum iusto, quae amet aperiam ratione id.\n', '2023-04-19 05:27:11'),
(3, 'bindhu varma', 'test        Lorem ipsum dolor sit amet, consectetur adipisicing elit. Eligendi corporis assumenda esse dignissimos quibusdam libero, fuga rem quis pariatur error quae neque expedita? Dolorum iusto, quae amet aperiam ratione id.\n', '2023-04-19 05:29:18'),
(4, 'bindhu varma', '        Lorem ipsum dolor sit amet, consectetur adipisicing elit. Eligendi corporis assumenda esse dignissimos quibusdam libero, fuga rem quis pariatur error quae neque expedita? Dolorum iusto, quae amet aperiam ratione id.\n', '2023-04-19 05:29:31'),
(7, 'carlos 1', '<script>alert(1)</script>', '2023-04-19 08:48:42'),
(8, 'carlos 1', '<script>alert(1)</script>', '2023-04-19 08:49:17'),
(9, 'asdf asdf', 'asdf', '2023-04-19 11:09:36'),
(10, 'asdf asdf', 'xss\"><img src=1 onclick=alert(66)>', '2023-04-19 11:10:07'),
(11, 'manideep reddy', '<img src=x onmouseover=alert(10)>', '2023-04-19 11:54:43');

-- --------------------------------------------------------

--
-- Table structure for table `items`
--

CREATE TABLE `items` (
  `item_id` int(11) NOT NULL,
  `item_name` varchar(256) NOT NULL,
  `item_cost` int(11) NOT NULL
) ENGINE=MyISAM DEFAULT CHARSET=latin1 COLLATE=latin1_swedish_ci;

--
-- Dumping data for table `items`
--

INSERT INTO `items` (`item_id`, `item_name`, `item_cost`) VALUES
(1, 'Chicken Dum Biriyani', 220),
(2, 'Special Chicken Biriyani', 240),
(3, 'Chicken Wings Biriyani', 230),
(4, 'Chicken Kebab Biriyani', 250),
(5, 'Chicken Keema Biriyani', 250),
(6, 'Mutton Dum Biriyani', 300),
(7, 'Special Mutton Biriyani', 340),
(8, 'Special Fish Biriyani', 260),
(9, 'Chicken Dum Biriyani+Chicken Fry', 440),
(10, 'Special Chicken Biriyani+Chicken Lollipop', 480),
(11, 'Chicken Wings Biriyani+Curd Rice', 330),
(12, 'Chicken Kebab Biriyani+Mushroom Fry', 360),
(13, '3 Butter Kulcha+Paneer Masala', 300);

-- --------------------------------------------------------

--
-- Table structure for table `users`
--

CREATE TABLE `users` (
  `user_id` int(11) NOT NULL,
  `firstname` varchar(256) NOT NULL,
  `lastname` varchar(256) NOT NULL,
  `username` varchar(256) NOT NULL,
  `password` varchar(256) NOT NULL,
  `mobile` int(11) NOT NULL,
  `address` varchar(500) NOT NULL
) ENGINE=MyISAM DEFAULT CHARSET=latin1 COLLATE=latin1_swedish_ci;

--
-- Dumping data for table `users`
--

INSERT INTO `users` (`user_id`, `firstname`, `lastname`, `username`, `password`, `mobile`, `address`) VALUES
(1, 'bindhu', 'varma', 'bindhumadhavavarma@gmail.com', '123456', 2147483647, 'C Anuradha\r\n6 9 1371 A1 second floor\r\nexmilitary colony near isckontemple'),
(2, 'ukb ', 'n ', '546', '445', 841641549, 'mnkjnkn'),
(3, 'No', 'Yes', 'Hello', 'hello', 999999999, 'Hehehe'),
(4, 'SUDHAKAR', 'RAJU', 'bindhu@2001', '12345', 79890643, '18-5-319A, SAPTHAGIRI NAGAR, KT ROAD , TIRUPATI'),
(5, 'Anu', 'Radha', 'bindhu', '123', 995167455, 'C Anuradha\r\n6 9 1371 A1 second floor\r\nexmilitary colony near isckontemple'),
(6, 'bindhu', 'varma', 'bindhu@2001', '123', 798906435, '6 9 1371 A1\r\nsecond floor');

--
-- Indexes for dumped tables
--

--
-- Indexes for table `comments`
--
ALTER TABLE `comments`
  ADD PRIMARY KEY (`sl`);

--
-- Indexes for table `items`
--
ALTER TABLE `items`
  ADD PRIMARY KEY (`item_id`);

--
-- Indexes for table `users`
--
ALTER TABLE `users`
  ADD PRIMARY KEY (`user_id`);

--
-- AUTO_INCREMENT for dumped tables
--

--
-- AUTO_INCREMENT for table `comments`
--
ALTER TABLE `comments`
  MODIFY `sl` int(11) NOT NULL AUTO_INCREMENT, AUTO_INCREMENT=12;

--
-- AUTO_INCREMENT for table `items`
--
ALTER TABLE `items`
  MODIFY `item_id` int(11) NOT NULL AUTO_INCREMENT, AUTO_INCREMENT=14;

--
-- AUTO_INCREMENT for table `users`
--
ALTER TABLE `users`
  MODIFY `user_id` int(11) NOT NULL AUTO_INCREMENT, AUTO_INCREMENT=946;
COMMIT;

/*!40101 SET CHARACTER_SET_CLIENT=@OLD_CHARACTER_SET_CLIENT */;
/*!40101 SET CHARACTER_SET_RESULTS=@OLD_CHARACTER_SET_RESULTS */;
/*!40101 SET COLLATION_CONNECTION=@OLD_COLLATION_CONNECTION */;
